Référence,Désignation produit,CAB théorique,PCB,SPCB
20357095,PLAID SHERPA,23232322222,10,10
20357096,PLAID SHERPA,23232322223,10,10
20357097,PLAID SHERPA,23232322224,10,10
20357098,PLAID SHERPA,23232322225,10,10
20357099,PLAID SHERPA,23232322226,10,10
20357100,PLAID SHERPA,23232322227,10,10
20357101,PLAID SHERPA,23232322228,10,10
20357102,PLAID SHERPA,23232322229,10,10
20357103,PLAID SHERPA,23232322230,10,10
20357104,PLAID SHERPA,23232322231,10,10
20357105,PLAID SHERPA,23232322232,10,10
20357106,PLAID SHERPA,23232322233,10,10
20357107,PLAID SHERPA,23232322234,10,10
20357108,PLAID SHERPA,23232322235,10,10
20357109,PLAID SHERPA,23232322236,10,10
20357110,PLAID SHERPA,23232322237,10,10
20357111,PLAID SHERPA,23232322238,10,10
20357112,PLAID SHERPA,23232322239,10,10
20357113,PLAID SHERPA,23232322240,10,10
20357114,PLAID SHERPA,23232322241,10,10